Unnamed: 0,date,home_team,away_team,home_score,away_score,tournament,city,country,neutral,rank_home,total_points_home,previous_points_home,rank_change_home,rank_away,total_points_away,previous_points_away,rank_change_away,avg_goals_last_5_home,avg_goals_last_5_away,avg_points_last_5_home,avg_points_last_5_away,avg_points_last_5_direct,win_by
0,2006-06-09,Germany,Costa Rica,4,2,FIFA World Cup,Munich,Germany,False,19.0,696.0,699.0,0.0,26.0,683.0,686.0,0.0,0.0,0.0,0.0,0.0,0.0,1
1,2006-06-09,Poland,Ecuador,0,2,FIFA World Cup,Gelsenkirchen,Germany,True,29.0,677.0,682.0,1.0,39.0,631.0,636.0,0.0,0.0,0.0,0.0,0.0,0.0,2
2,2006-06-10,Argentina,Ivory Coast,2,1,FIFA World Cup,Hamburg,Germany,True,9.0,746.0,753.0,1.0,,,,,0.0,0.0,0.0,0.0,0.0,1
3,2006-06-10,England,Paraguay,1,0,FIFA World Cup,Frankfurt am Main,Germany,True,10.0,741.0,744.0,0.0,33.0,653.0,657.0,0.0,0.0,0.0,0.0,0.0,0.0,1
4,2006-06-10,Trinidad and Tobago,Sweden,0,0,FIFA World Cup,Dortmund,Germany,True,47.0,604.0,607.0,0.0,16.0,709.0,717.0,0.0,0.0,0.0,0.0,0.0,0.0,0
5,2006-06-11,Angola,Portugal,0,1,FIFA World Cup,Cologne,Germany,True,57.0,581.0,578.0,-1.0,7.0,750.0,753.0,-1.0,0.0,0.0,0.0,0.0,0.0,2
6,2006-06-11,Mexico,Iran,3,1,FIFA World Cup,Nuremberg,Germany,True,4.0,758.0,758.0,-2.0,23.0,686.0,692.0,1.0,0.0,0.0,0.0,0.0,0.0,1
7,2006-06-11,Serbia,Netherlands,0,1,FIFA World Cup,Leipzig,Germany,True,44.0,610.0,612.0,-2.0,3.0,768.0,774.0,0.0,0.0,0.0,0.0,0.0,0.0,2
8,2006-06-12,Australia,Japan,3,1,FIFA World Cup,Kaiserslautern,Germany,True,42.0,612.0,614.0,-2.0,18.0,705.0,709.0,1.0,0.0,0.0,0.0,0.0,0.0,1
9,2006-06-12,Italy,Ghana,2,0,FIFA World Cup,Hanover,Germany,True,13.0,728.0,731.0,-1.0,48.0,600.0,602.0,-2.0,0.0,0.0,0.0,0.0,0.0,1
10,2006-06-12,United States,Czech Republic,0,3,FIFA World Cup,Gelsenkirchen,Germany,True,,,,,2.0,772.0,779.0,0.0,0.0,0.0,0.0,0.0,0.0,2
11,2006-06-13,Brazil,Croatia,1,0,FIFA World Cup,Berlin,Germany,True,1.0,827.0,830.0,0.0,23.0,686.0,690.0,-1.0,0.0,0.0,0.0,0.0,0.0,1
12,2006-06-13,France,Switzerland,0,0,FIFA World Cup,Stuttgart,Germany,True,8.0,749.0,754.0,1.0,35.0,648.0,651.0,0.0,0.0,0.0,0.0,0.0,0.0,0
13,2006-06-13,South Korea,Togo,2,1,FIFA World Cup,Frankfurt am Main,Germany,True,29.0,677.0,678.0,-1.0,61.0,569.0,574.0,2.0,0.0,0.0,0.0,0.0,0.0,1
14,2006-06-14,Germany,Poland,1,0,FIFA World Cup,Dortmund,Germany,False,19.0,696.0,699.0,0.0,29.0,677.0,682.0,1.0,4.0,0.0,3.0,0.0,0.0,1
15,2006-06-14,Spain,Ukraine,4,0,FIFA World Cup,Leipzig,Germany,True,5.0,756.0,759.0,0.0,45.0,609.0,616.0,4.0,0.0,0.0,0.0,0.0,0.0,1
16,2006-06-14,Tunisia,Saudi Arabia,2,2,FIFA World Cup,Munich,Germany,True,21.0,693.0,694.0,0.0,34.0,651.0,655.0,0.0,0.0,0.0,0.0,0.0,0.0,0
17,2006-06-15,Ecuador,Costa Rica,3,0,FIFA World Cup,Hamburg,Germany,True,39.0,631.0,636.0,0.0,26.0,683.0,686.0,0.0,2.0,2.0,3.0,0.0,0.0,1
18,2006-06-15,England,Trinidad and Tobago,2,0,FIFA World Cup,Nuremberg,Germany,True,10.0,741.0,744.0,0.0,47.0,604.0,607.0,0.0,1.0,0.0,3.0,1.0,0.0,1
19,2006-06-15,Sweden,Paraguay,1,0,FIFA World Cup,Berlin,Germany,True,16.0,709.0,717.0,0.0,33.0,653.0,657.0,0.0,0.0,0.0,1.0,0.0,0.0,1
20,2006-06-16,Argentina,Serbia,6,0,FIFA World Cup,Gelsenkirchen,Germany,True,9.0,746.0,753.0,1.0,44.0,610.0,612.0,-2.0,2.0,0.0,3.0,0.0,0.0,1
21,2006-06-16,Mexico,Angola,0,0,FIFA World Cup,Hanover,Germany,True,4.0,758.0,758.0,-2.0,57.0,581.0,578.0,-1.0,3.0,0.0,3.0,0.0,0.0,0
22,2006-06-16,Netherlands,Ivory Coast,2,1,FIFA World Cup,Stuttgart,Germany,True,3.0,768.0,774.0,0.0,,,,,1.0,1.0,3.0,0.0,0.0,1
23,2006-06-17,Czech Republic,Ghana,0,2,FIFA World Cup,Cologne,Germany,True,2.0,772.0,779.0,0.0,48.0,600.0,602.0,-2.0,3.0,0.0,3.0,0.0,0.0,2
24,2006-06-17,Italy,United States,1,1,FIFA World Cup,Kaiserslautern,Germany,True,13.0,728.0,731.0,-1.0,,,,,2.0,0.0,3.0,0.0,0.0,0
25,2006-06-17,Portugal,Iran,2,0,FIFA World Cup,Frankfurt am Main,Germany,True,7.0,750.0,753.0,-1.0,23.0,686.0,692.0,1.0,1.0,1.0,3.0,0.0,0.0,1
26,2006-06-18,Brazil,Australia,2,0,FIFA World Cup,Munich,Germany,True,1.0,827.0,830.0,0.0,42.0,612.0,614.0,-2.0,1.0,3.0,3.0,3.0,0.0,1
27,2006-06-18,France,South Korea,1,1,FIFA World Cup,Leipzig,Germany,True,8.0,749.0,754.0,1.0,29.0,677.0,678.0,-1.0,0.0,2.0,1.0,3.0,0.0,0
28,2006-06-18,Japan,Croatia,0,0,FIFA World Cup,Nuremberg,Germany,True,18.0,705.0,709.0,1.0,23.0,686.0,690.0,-1.0,1.0,0.0,0.0,0.0,0.0,0
29,2006-06-19,Saudi Arabia,Ukraine,0,4,FIFA World Cup,Hamburg,Germany,True,34.0,651.0,655.0,0.0,45.0,609.0,616.0,4.0,2.0,0.0,1.0,0.0,0.0,2
30,2006-06-19,Spain,Tunisia,3,1,FIFA World Cup,Stuttgart,Germany,True,5.0,756.0,759.0,0.0,21.0,693.0,694.0,0.0,4.0,2.0,3.0,1.0,0.0,1
31,2006-06-19,Togo,Switzerland,0,2,FIFA World Cup,Dortmund,Germany,True,61.0,569.0,574.0,2.0,35.0,648.0,651.0,0.0,1.0,0.0,0.0,1.0,0.0,2
32,2006-06-20,Costa Rica,Poland,1,2,FIFA World Cup,Hanover,Germany,True,26.0,683.0,686.0,0.0,29.0,677.0,682.0,1.0,1.0,0.0,0.0,0.0,0.0,2
33,2006-06-20,Germany,Ecuador,3,0,FIFA World Cup,Berlin,Germany,False,19.0,696.0,699.0,0.0,39.0,631.0,636.0,0.0,2.5,2.5,3.0,3.0,0.0,1
34,2006-06-20,Paraguay,Trinidad and Tobago,2,0,FIFA World Cup,Kaiserslautern,Germany,True,33.0,653.0,657.0,0.0,47.0,604.0,607.0,0.0,0.0,0.0,0.0,0.5,0.0,1
35,2006-06-20,Sweden,England,2,2,FIFA World Cup,Cologne,Germany,True,16.0,709.0,717.0,0.0,10.0,741.0,744.0,0.0,0.5,1.5,2.0,3.0,0.0,0
36,2006-06-21,Iran,Angola,1,1,FIFA World Cup,Leipzig,Germany,True,23.0,686.0,692.0,1.0,57.0,581.0,578.0,-1.0,0.5,0.0,0.0,0.5,0.0,0
37,2006-06-21,Ivory Coast,Serbia,3,2,FIFA World Cup,Munich,Germany,True,,,,,44.0,610.0,612.0,-2.0,1.0,0.0,0.0,0.0,0.0,1
38,2006-06-21,Netherlands,Argentina,0,0,FIFA World Cup,Frankfurt am Main,Germany,True,3.0,768.0,774.0,0.0,9.0,746.0,753.0,1.0,1.5,4.0,3.0,3.0,0.0,0
39,2006-06-21,Portugal,Mexico,2,1,FIFA World Cup,Gelsenkirchen,Germany,True,7.0,750.0,753.0,-1.0,4.0,758.0,758.0,-2.0,1.5,1.5,3.0,2.0,0.0,1
40,2006-06-22,Croatia,Australia,2,2,FIFA World Cup,Stuttgart,Germany,True,23.0,686.0,690.0,-1.0,42.0,612.0,614.0,-2.0,0.0,1.5,0.5,1.5,0.0,0
41,2006-06-22,Czech Republic,Italy,0,2,FIFA World Cup,Hamburg,Germany,True,2.0,772.0,779.0,0.0,13.0,728.0,731.0,-1.0,1.5,1.5,1.5,2.0,0.0,2
42,2006-06-22,Ghana,United States,2,1,FIFA World Cup,Nuremberg,Germany,True,48.0,600.0,602.0,-2.0,,,,,1.0,0.5,1.5,0.5,0.0,1
43,2006-06-22,Japan,Brazil,1,4,FIFA World Cup,Dortmund,Germany,True,18.0,705.0,709.0,1.0,1.0,827.0,830.0,0.0,0.5,1.5,0.5,3.0,0.0,2
44,2006-06-23,Saudi Arabia,Spain,0,1,FIFA World Cup,Kaiserslautern,Germany,True,34.0,651.0,655.0,0.0,5.0,756.0,759.0,0.0,1.0,3.5,0.5,3.0,0.0,2
45,2006-06-23,Switzerland,South Korea,2,0,FIFA World Cup,Hanover,Germany,True,35.0,648.0,651.0,0.0,29.0,677.0,678.0,-1.0,1.0,1.5,2.0,2.0,0.0,1
46,2006-06-23,Togo,France,0,2,FIFA World Cup,Cologne,Germany,True,61.0,569.0,574.0,2.0,8.0,749.0,754.0,1.0,0.5,0.5,0.0,1.0,0.0,2
47,2006-06-23,Ukraine,Tunisia,1,0,FIFA World Cup,Berlin,Germany,True,45.0,609.0,616.0,4.0,21.0,693.0,694.0,0.0,2.0,1.5,1.5,0.5,0.0,1
48,2006-06-24,Argentina,Mexico,2,1,FIFA World Cup,Leipzig,Germany,True,9.0,746.0,753.0,1.0,4.0,758.0,758.0,-2.0,2.6666666666666665,1.3333333333333333,2.333333333333333,1.3333333333333333,0.0,1
49,2006-06-24,Germany,Sweden,2,0,FIFA World Cup,Munich,Germany,False,19.0,696.0,699.0,0.0,16.0,709.0,717.0,0.0,2.6666666666666665,1.0,3.0,1.6666666666666667,0.0,1
50,2006-06-25,England,Ecuador,1,0,FIFA World Cup,Stuttgart,Germany,True,10.0,741.0,744.0,0.0,39.0,631.0,636.0,0.0,1.6666666666666667,1.6666666666666667,2.333333333333333,2.0,0.0,1
51,2006-06-25,Portugal,Netherlands,1,0,FIFA World Cup,Nuremberg,Germany,True,7.0,750.0,753.0,-1.0,3.0,768.0,774.0,0.0,1.6666666666666667,1.0,3.0,2.333333333333333,0.0,1
52,2006-06-26,Italy,Australia,1,0,FIFA World Cup,Kaiserslautern,Germany,True,13.0,728.0,731.0,-1.0,42.0,612.0,614.0,-2.0,1.6666666666666667,1.6666666666666667,2.333333333333333,1.3333333333333333,0.0,1
53,2006-06-26,Switzerland,Ukraine,0,0,FIFA World Cup,Cologne,Germany,True,35.0,648.0,651.0,0.0,45.0,609.0,616.0,4.0,1.3333333333333333,1.6666666666666667,2.333333333333333,2.0,0.0,0
54,2006-06-27,Brazil,Ghana,3,0,FIFA World Cup,Dortmund,Germany,True,1.0,827.0,830.0,0.0,48.0,600.0,602.0,-2.0,2.333333333333333,1.3333333333333333,3.0,2.0,0.0,1
55,2006-06-27,Spain,France,1,3,FIFA World Cup,Hanover,Germany,True,5.0,756.0,759.0,0.0,8.0,749.0,754.0,1.0,2.6666666666666665,1.0,3.0,1.6666666666666667,0.0,2
56,2006-06-30,Germany,Argentina,1,1,FIFA World Cup,Berlin,Germany,False,19.0,696.0,699.0,0.0,9.0,746.0,753.0,1.0,2.5,2.5,3.0,2.5,0.0,0
57,2006-06-30,Italy,Ukraine,3,0,FIFA World Cup,Hamburg,Germany,True,13.0,728.0,731.0,-1.0,45.0,609.0,616.0,4.0,1.5,1.25,2.5,1.75,0.0,1
58,2006-07-01,Brazil,France,0,1,FIFA World Cup,Frankfurt am Main,Germany,True,1.0,827.0,830.0,0.0,8.0,749.0,754.0,1.0,2.5,1.5,3.0,2.0,0.0,2
59,2006-07-01,England,Portugal,0,0,FIFA World Cup,Gelsenkirchen,Germany,True,10.0,741.0,744.0,0.0,7.0,750.0,753.0,-1.0,1.5,1.5,2.5,3.0,0.0,0
60,2006-07-04,Germany,Italy,0,2,FIFA World Cup,Dortmund,Germany,False,19.0,696.0,699.0,0.0,13.0,728.0,731.0,-1.0,2.2,1.8,2.6,2.6,0.0,2
61,2006-07-05,Portugal,France,0,1,FIFA World Cup,Munich,Germany,True,7.0,750.0,753.0,-1.0,8.0,749.0,754.0,1.0,1.2,1.4,2.6,2.2,0.0,2
62,2006-07-08,Germany,Portugal,3,1,FIFA World Cup,Stuttgart,Germany,False,19.0,696.0,699.0,0.0,7.0,750.0,753.0,-1.0,1.4,1.0,2.0,2.0,0.0,1
63,2006-07-09,Italy,France,1,1,FIFA World Cup,Berlin,Germany,True,13.0,728.0,731.0,-1.0,8.0,749.0,754.0,1.0,1.8,1.6,2.6,2.6,0.0,0
64,2010-06-11,South Africa,Mexico,1,1,FIFA World Cup,Johannesburg,South Africa,False,83.0,392.0,369.0,-7.0,17.0,895.0,936.0,0.0,0.0,1.25,0.0,1.0,0.0,0
65,2010-06-11,Uruguay,France,0,0,FIFA World Cup,Cape Town,South Africa,True,16.0,899.0,902.0,-2.0,9.0,1044.0,1044.0,-1.0,0.0,1.6,0.0,2.6,0.0,0
66,2010-06-12,Argentina,Nigeria,1,0,FIFA World Cup,Johannesburg,South Africa,True,7.0,1076.0,1084.0,0.0,21.0,883.0,883.0,1.0,2.2,0.0,2.2,0.0,0.0,1
67,2010-06-12,England,United States,1,1,FIFA World Cup,Rustenburg,South Africa,True,8.0,1068.0,1068.0,0.0,,,,,1.2,0.6666666666666666,2.2,0.3333333333333333,0.0,0
68,2010-06-12,South Korea,Greece,2,0,FIFA World Cup,Port Elizabeth,South Africa,True,47.0,632.0,619.0,0.0,13.0,964.0,968.0,1.0,1.0,0.0,1.3333333333333333,0.0,0.0,1
69,2010-06-13,Algeria,Slovenia,0,1,FIFA World Cup,Polokwane,South Africa,True,30.0,821.0,821.0,-1.0,25.0,860.0,860.0,2.0,0.0,0.0,0.0,0.0,0.0,2
70,2010-06-13,Germany,Australia,4,0,FIFA World Cup,Durban,South Africa,True,6.0,1082.0,1107.0,0.0,20.0,886.0,883.0,0.0,1.8,1.25,2.0,1.0,0.0,1
71,2010-06-13,Serbia,Ghana,0,1,FIFA World Cup,Pretoria,South Africa,True,15.0,947.0,944.0,-1.0,32.0,800.0,802.0,0.0,0.6666666666666666,1.0,0.0,1.5,0.0,2
72,2010-06-14,Italy,Paraguay,1,1,FIFA World Cup,Cape Town,South Africa,True,5.0,1184.0,1184.0,0.0,31.0,820.0,822.0,1.0,1.8,0.6666666666666666,2.6,1.0,0.0,0
73,2010-06-14,Japan,Cameroon,1,0,FIFA World Cup,Bloemfontein,South Africa,True,45.0,682.0,674.0,0.0,19.0,887.0,887.0,0.0,0.6666666666666666,0.0,0.3333333333333333,0.0,0.0,1
74,2010-06-14,Netherlands,Denmark,2,0,FIFA World Cup,Johannesburg,South Africa,True,4.0,1231.0,1221.0,0.0,36.0,767.0,767.0,1.0,0.75,0.0,1.75,0.0,0.0,1
75,2010-06-15,Brazil,North Korea,2,1,FIFA World Cup,Johannesburg,South Africa,True,1.0,1611.0,1611.0,0.0,105.0,285.0,292.0,-1.0,2.0,0.0,2.4,0.0,0.0,1
76,2010-06-15,Ivory Coast,Portugal,0,0,FIFA World Cup,Port Elizabeth,South Africa,True,,,,,3.0,1249.0,1249.0,0.0,1.6666666666666667,0.8,1.0,1.4,0.0,0
77,2010-06-15,New Zealand,Slovakia,1,1,FIFA World Cup,Rustenburg,South Africa,True,78.0,410.0,413.0,0.0,34.0,777.0,742.0,-4.0,0.0,0.0,0.0,0.0,0.0,0
78,2010-06-16,Honduras,Chile,0,1,FIFA World Cup,Nelspruit,South Africa,True,38.0,734.0,727.0,-2.0,18.0,888.0,948.0,3.0,0.0,0.0,0.0,0.0,0.0,2
79,2010-06-16,South Africa,Uruguay,0,3,FIFA World Cup,Pretoria,South Africa,False,83.0,392.0,369.0,-7.0,16.0,899.0,902.0,-2.0,1.0,0.0,1.0,1.0,0.0,2
80,2010-06-16,Spain,Switzerland,0,1,FIFA World Cup,Durban,South Africa,True,2.0,1565.0,1565.0,0.0,24.0,866.0,854.0,-2.0,2.25,1.0,2.25,2.0,0.0,2
81,2010-06-17,Argentina,South Korea,4,1,FIFA World Cup,Johannesburg,South Africa,True,7.0,1076.0,1084.0,0.0,47.0,632.0,619.0,0.0,2.0,1.25,2.2,1.75,0.0,1
82,2010-06-17,France,Mexico,0,2,FIFA World Cup,Polokwane,South Africa,True,9.0,1044.0,1044.0,-1.0,17.0,895.0,936.0,0.0,1.2,1.2,2.2,1.0,0.0,2
83,2010-06-17,Greece,Nigeria,2,1,FIFA World Cup,Bloemfontein,South Africa,True,13.0,964.0,968.0,1.0,21.0,883.0,883.0,1.0,0.0,0.0,0.0,0.0,0.0,1
84,2010-06-18,England,Algeria,0,0,FIFA World Cup,Cape Town,South Africa,True,8.0,1068.0,1068.0,0.0,30.0,821.0,821.0,-1.0,1.2,0.0,1.8,0.0,0.0,0
85,2010-06-18,Germany,Serbia,0,1,FIFA World Cup,Port Elizabeth,South Africa,True,6.0,1082.0,1107.0,0.0,15.0,947.0,944.0,-1.0,2.0,0.5,2.0,0.0,0.0,2
86,2010-06-18,Slovenia,United States,2,2,FIFA World Cup,Johannesburg,South Africa,True,25.0,860.0,860.0,2.0,,,,,1.0,0.75,3.0,0.5,0.0,0
87,2010-06-19,Cameroon,Denmark,1,2,FIFA World Cup,Pretoria,South Africa,True,19.0,887.0,887.0,0.0,36.0,767.0,767.0,1.0,0.0,0.0,0.0,0.0,0.0,2
88,2010-06-19,Ghana,Australia,1,1,FIFA World Cup,Rustenburg,South Africa,True,32.0,800.0,802.0,0.0,20.0,886.0,883.0,0.0,1.0,1.0,1.8,0.8,0.0,0
89,2010-06-19,Netherlands,Japan,1,0,FIFA World Cup,Durban,South Africa,True,4.0,1231.0,1221.0,0.0,45.0,682.0,674.0,0.0,1.0,0.75,2.0,1.0,0.0,1
90,2010-06-20,Brazil,Ivory Coast,3,1,FIFA World Cup,Johannesburg,South Africa,True,1.0,1611.0,1611.0,0.0,,,,,2.2,1.25,2.4,1.0,0.0,1
91,2010-06-20,Italy,New Zealand,1,1,FIFA World Cup,Nelspruit,South Africa,True,5.0,1184.0,1184.0,0.0,78.0,410.0,413.0,0.0,1.6,1.0,2.2,1.0,0.0,0
92,2010-06-20,Slovakia,Paraguay,0,2,FIFA World Cup,Bloemfontein,South Africa,True,34.0,777.0,742.0,-4.0,31.0,820.0,822.0,1.0,1.0,0.75,1.0,1.0,0.0,2
93,2010-06-21,Chile,Switzerland,1,0,FIFA World Cup,Port Elizabeth,South Africa,True,18.0,888.0,948.0,3.0,24.0,866.0,854.0,-2.0,1.0,1.0,3.0,2.2,0.0,1
94,2010-06-21,Portugal,North Korea,7,0,FIFA World Cup,Cape Town,South Africa,True,3.0,1249.0,1249.0,0.0,105.0,285.0,292.0,-1.0,0.4,1.0,1.0,0.0,0.0,1
95,2010-06-21,Spain,Honduras,2,0,FIFA World Cup,Johannesburg,South Africa,True,2.0,1565.0,1565.0,0.0,38.0,734.0,727.0,-2.0,1.8,0.0,1.8,0.0,0.0,1
96,2010-06-22,Greece,Argentina,0,2,FIFA World Cup,Polokwane,South Africa,True,13.0,964.0,968.0,1.0,7.0,1076.0,1084.0,0.0,1.0,1.6,1.5,2.2,0.0,2
97,2010-06-22,Mexico,Uruguay,0,1,FIFA World Cup,Rustenburg,South Africa,True,17.0,895.0,936.0,0.0,16.0,899.0,902.0,-2.0,1.0,1.5,1.0,2.0,0.0,2
98,2010-06-22,Nigeria,South Korea,2,2,FIFA World Cup,Durban,South Africa,True,21.0,883.0,883.0,1.0,47.0,632.0,619.0,0.0,0.5,1.2,0.0,1.4,0.0,0
99,2010-06-22,South Africa,France,2,1,FIFA World Cup,Bloemfontein,South Africa,False,83.0,392.0,369.0,-7.0,9.0,1044.0,1044.0,-1.0,0.5,0.6,0.5,1.6,0.0,1
100,2010-06-23,Australia,Serbia,2,1,FIFA World Cup,Nelspruit,South Africa,True,20.0,886.0,883.0,0.0,15.0,947.0,944.0,-1.0,0.6,0.6,0.4,0.6,0.0,1
101,2010-06-23,Ghana,Germany,0,1,FIFA World Cup,Johannesburg,South Africa,True,32.0,800.0,802.0,0.0,6.0,1082.0,1107.0,0.0,1.2,1.6,2.0,1.4,0.0,2
102,2010-06-23,Slovenia,England,0,1,FIFA World Cup,Port Elizabeth,South Africa,True,25.0,860.0,860.0,2.0,8.0,1068.0,1068.0,0.0,1.5,0.8,2.0,1.4,0.0,2
103,2010-06-23,United States,Algeria,1,0,FIFA World Cup,Pretoria,South Africa,True,,,,,30.0,821.0,821.0,-1.0,1.0,0.0,0.6,0.5,0.0,1
104,2010-06-24,Cameroon,Netherlands,1,2,FIFA World Cup,Cape Town,South Africa,True,19.0,887.0,887.0,0.0,4.0,1231.0,1221.0,0.0,0.5,1.0,0.0,2.0,0.0,2
105,2010-06-24,Denmark,Japan,1,3,FIFA World Cup,Rustenburg,South Africa,True,36.0,767.0,767.0,1.0,45.0,682.0,674.0,0.0,1.0,0.6,1.5,0.8,0.0,2
106,2010-06-24,Paraguay,New Zealand,0,0,FIFA World Cup,Polokwane,South Africa,True,31.0,820.0,822.0,1.0,78.0,410.0,413.0,0.0,1.0,1.0,1.4,1.0,0.0,0
107,2010-06-24,Slovakia,Italy,3,2,FIFA World Cup,Johannesburg,South Africa,True,34.0,777.0,742.0,-4.0,5.0,1184.0,1184.0,0.0,0.5,1.6,0.5,1.8,0.0,1
108,2010-06-25,Chile,Spain,1,2,FIFA World Cup,Pretoria,South Africa,True,18.0,888.0,948.0,3.0,2.0,1565.0,1565.0,0.0,1.0,1.4,3.0,1.8,0.0,2
109,2010-06-25,North Korea,Ivory Coast,0,3,FIFA World Cup,Nelspruit,South Africa,True,105.0,285.0,292.0,-1.0,,,,,0.5,1.2,0.0,0.8,0.0,2
110,2010-06-25,Portugal,Brazil,0,0,FIFA World Cup,Durban,South Africa,True,3.0,1249.0,1249.0,0.0,1.0,1611.0,1611.0,0.0,1.6,2.4,1.0,2.4,0.0,0
111,2010-06-25,Switzerland,Honduras,0,0,FIFA World Cup,Bloemfontein,South Africa,True,24.0,866.0,854.0,-2.0,38.0,734.0,727.0,-2.0,1.0,0.0,2.0,0.0,0.0,0
112,2010-06-26,Uruguay,South Korea,2,1,FIFA World Cup,Port Elizabeth,South Africa,True,16.0,899.0,902.0,-2.0,47.0,632.0,619.0,0.0,1.3333333333333333,1.2,2.333333333333333,1.0,0.0,1
113,2010-06-26,United States,Ghana,1,2,FIFA World Cup,Rustenburg,South Africa,True,,,,,32.0,800.0,802.0,0.0,1.2,0.8,1.2,1.4,0.0,2
114,2010-06-27,Argentina,Mexico,3,1,FIFA World Cup,Johannesburg,South Africa,True,7.0,1076.0,1084.0,0.0,17.0,895.0,936.0,0.0,2.0,1.0,2.6,0.8,3.0,1
115,2010-06-27,Germany,England,4,1,FIFA World Cup,Bloemfontein,South Africa,True,6.0,1082.0,1107.0,0.0,8.0,1068.0,1068.0,0.0,1.6,0.6,1.8,1.8,0.0,1
116,2010-06-28,Brazil,Chile,3,0,FIFA World Cup,Johannesburg,South Africa,True,1.0,1611.0,1611.0,0.0,18.0,888.0,948.0,3.0,1.6,1.0,2.0,2.0,0.0,1
117,2010-06-28,Netherlands,Slovakia,2,1,FIFA World Cup,Durban,South Africa,True,4.0,1231.0,1221.0,0.0,34.0,777.0,742.0,-4.0,1.0,1.3333333333333333,2.0,1.3333333333333333,0.0,1
118,2010-06-29,Paraguay,Japan,0,0,FIFA World Cup,Pretoria,South Africa,True,31.0,820.0,822.0,1.0,45.0,682.0,674.0,0.0,1.0,1.0,1.6,1.4,0.0,0
119,2010-06-29,Spain,Portugal,1,0,FIFA World Cup,Cape Town,South Africa,True,2.0,1565.0,1565.0,0.0,3.0,1249.0,1249.0,0.0,1.2,1.6,1.8,1.0,0.0,1
120,2010-07-02,Netherlands,Brazil,2,1,FIFA World Cup,Port Elizabeth,South Africa,True,4.0,1231.0,1221.0,0.0,1.0,1611.0,1611.0,0.0,1.4,1.6,2.4,2.0,0.0,1
121,2010-07-02,Uruguay,Ghana,1,1,FIFA World Cup,Johannesburg,South Africa,True,16.0,899.0,902.0,-2.0,32.0,800.0,802.0,0.0,1.5,0.8,2.5,1.4,0.0,0
122,2010-07-03,Argentina,Germany,0,4,FIFA World Cup,Cape Town,South Africa,True,7.0,1076.0,1084.0,0.0,6.0,1082.0,1107.0,0.0,2.2,2.4,2.6,2.4,1.0,2
123,2010-07-03,Paraguay,Spain,0,1,FIFA World Cup,Johannesburg,South Africa,True,31.0,820.0,822.0,1.0,2.0,1565.0,1565.0,0.0,1.0,1.2,1.8,1.8,0.0,2
124,2010-07-06,Uruguay,Netherlands,2,3,FIFA World Cup,Cape Town,South Africa,True,16.0,899.0,902.0,-2.0,4.0,1231.0,1221.0,0.0,1.4,1.8,2.2,3.0,0.0,2
125,2010-07-07,Germany,Spain,0,1,FIFA World Cup,Durban,South Africa,True,6.0,1082.0,1107.0,0.0,2.0,1565.0,1565.0,0.0,2.6,1.2,2.4,2.4,0.0,2
126,2010-07-10,Uruguay,Germany,2,3,FIFA World Cup,Port Elizabeth,South Africa,True,16.0,899.0,902.0,-2.0,6.0,1082.0,1107.0,0.0,1.8,1.8,2.0,1.8,0.0,2
127,2010-07-11,Netherlands,Spain,0,1,FIFA World Cup,Johannesburg,South Africa,True,4.0,1231.0,1221.0,0.0,2.0,1565.0,1565.0,0.0,2.0,1.4,3.0,3.0,0.0,2
128,2014-06-12,Brazil,Croatia,3,1,FIFA World Cup,São Paulo,Brazil,False,3.0,1242.0,1210.0,-1.0,18.0,903.0,871.0,-2.0,1.8,0.6666666666666666,2.0,0.6666666666666666,3.0,1
129,2014-06-13,Chile,Australia,3,1,FIFA World Cup,Cuiabá,Brazil,True,14.0,1026.0,1037.0,1.0,62.0,526.0,545.0,3.0,0.75,1.0,1.5,1.0,0.0,1
130,2014-06-13,Mexico,Cameroon,1,0,FIFA World Cup,Natal,Brazil,True,20.0,882.0,877.0,1.0,56.0,558.0,583.0,6.0,1.0,0.6666666666666666,0.8,0.0,0.0,1
131,2014-06-13,Spain,Netherlands,1,5,FIFA World Cup,Salvador,Brazil,True,1.0,1485.0,1460.0,0.0,15.0,981.0,967.0,0.0,1.2,1.8,3.0,2.4,3.0,2
132,2014-06-14,Colombia,Greece,3,0,FIFA World Cup,Belo Horizonte,Brazil,True,8.0,1137.0,1186.0,3.0,12.0,1064.0,1082.0,2.0,0.0,0.6666666666666666,0.0,1.0,0.0,1
133,2014-06-14,England,Italy,1,2,FIFA World Cup,Manaus,Brazil,True,10.0,1090.0,1043.0,-1.0,9.0,1104.0,1115.0,0.0,0.6,1.4,1.2,1.2,0.0,2
134,2014-06-14,Ivory Coast,Japan,2,1,FIFA World Cup,Recife,Brazil,True,,,,,46.0,626.0,613.0,-1.0,1.6,1.0,1.4,1.4,0.0,1
135,2014-06-14,Uruguay,Costa Rica,1,3,FIFA World Cup,Fortaleza,Brazil,True,7.0,1147.0,1181.0,1.0,28.0,762.0,748.0,-6.0,1.6,1.0,1.4,0.0,0.0,2
136,2014-06-15,Argentina,Bosnia and Herzegovina,2,1,FIFA World Cup,Rio de Janeiro,Brazil,True,5.0,1175.0,1178.0,-2.0,21.0,873.0,795.0,-4.0,2.0,0.0,2.4,0.0,0.0,1
137,2014-06-15,France,Honduras,3,0,FIFA World Cup,Porto Alegre,Brazil,True,17.0,913.0,935.0,1.0,33.0,731.0,759.0,3.0,0.6,0.0,1.0,0.3333333333333333,0.0,1
138,2014-06-15,Switzerland,Ecuador,2,1,FIFA World Cup,Brasília,Brazil,True,6.0,1149.0,1161.0,-2.0,26.0,791.0,794.0,-2.0,0.6,1.25,1.6,1.5,0.0,1
139,2014-06-16,Germany,Portugal,4,0,FIFA World Cup,Salvador,Brazil,True,2.0,1300.0,1340.0,0.0,4.0,1189.0,1245.0,1.0,2.4,1.6,2.4,1.0,3.0,1
140,2014-06-16,Ghana,United States,1,2,FIFA World Cup,Natal,Brazil,True,37.0,704.0,713.0,-1.0,,,,,1.0,1.2,1.6,1.0,3.0,2
141,2014-06-16,Iran,Nigeria,0,0,FIFA World Cup,Curitiba,Brazil,True,43.0,641.0,715.0,6.0,44.0,640.0,631.0,0.0,0.6666666666666666,1.0,0.3333333333333333,0.3333333333333333,0.0,0
142,2014-06-17,Belgium,Algeria,2,1,FIFA World Cup,Belo Horizonte,Brazil,True,11.0,1074.0,1039.0,-1.0,22.0,858.0,795.0,-3.0,0.0,0.0,0.0,0.3333333333333333,0.0,1
143,2014-06-17,Brazil,Mexico,0,0,FIFA World Cup,Fortaleza,Brazil,False,3.0,1242.0,1210.0,-1.0,20.0,882.0,877.0,1.0,2.0,1.0,2.0,1.4,0.0,0
144,2014-06-17,Russia,South Korea,1,1,FIFA World Cup,Cuiabá,Brazil,True,19.0,893.0,903.0,1.0,57.0,547.0,551.0,2.0,0.0,1.2,0.0,0.8,0.0,0
145,2014-06-18,Australia,Netherlands,2,3,FIFA World Cup,Curitiba,Brazil,True,62.0,526.0,545.0,3.0,15.0,981.0,967.0,0.0,0.8,2.4,0.8,2.4,0.0,2
146,2014-06-18,Cameroon,Croatia,0,4,FIFA World Cup,Manaus,Brazil,True,56.0,558.0,583.0,6.0,18.0,903.0,871.0,-2.0,0.5,0.75,0.0,0.5,0.0,2
147,2014-06-18,Spain,Chile,0,2,FIFA World Cup,Rio de Janeiro,Brazil,True,1.0,1485.0,1460.0,0.0,14.0,1026.0,1037.0,1.0,1.0,1.2,2.4,1.8,3.0,2
148,2014-06-19,Colombia,Ivory Coast,2,1,FIFA World Cup,Brasília,Brazil,True,8.0,1137.0,1186.0,3.0,,,,,3.0,1.8,3.0,2.0,0.0,1
149,2014-06-19,Japan,Greece,0,0,FIFA World Cup,Natal,Brazil,True,46.0,626.0,613.0,-1.0,12.0,1064.0,1082.0,2.0,1.0,0.5,1.4,0.75,0.0,0
150,2014-06-19,Uruguay,England,2,1,FIFA World Cup,São Paulo,Brazil,True,7.0,1147.0,1181.0,1.0,10.0,1090.0,1043.0,-1.0,1.6,0.8,0.8,1.0,0.0,1
151,2014-06-20,Honduras,Ecuador,1,2,FIFA World Cup,Curitiba,Brazil,True,33.0,731.0,759.0,3.0,26.0,791.0,794.0,-2.0,0.0,1.2,0.25,1.2,0.0,2
152,2014-06-20,Italy,Costa Rica,0,1,FIFA World Cup,Recife,Brazil,True,9.0,1104.0,1115.0,0.0,28.0,762.0,748.0,-6.0,1.4,1.5,1.2,0.75,0.0,2
153,2014-06-20,Switzerland,France,2,5,FIFA World Cup,Salvador,Brazil,True,6.0,1149.0,1161.0,-2.0,17.0,913.0,935.0,1.0,0.6,1.0,1.6,1.0,1.0,2
154,2014-06-21,Argentina,Iran,1,0,FIFA World Cup,Belo Horizonte,Brazil,True,5.0,1175.0,1178.0,-2.0,43.0,641.0,715.0,6.0,2.2,0.5,2.4,0.5,0.0,1
155,2014-06-21,Germany,Ghana,2,2,FIFA World Cup,Fortaleza,Brazil,True,2.0,1300.0,1340.0,0.0,37.0,704.0,713.0,-1.0,3.0,1.0,2.4,1.0,3.0,0
156,2014-06-21,Nigeria,Bosnia and Herzegovina,1,0,FIFA World Cup,Cuiabá,Brazil,True,44.0,640.0,631.0,0.0,21.0,873.0,795.0,-4.0,0.75,1.0,0.5,0.0,0.0,1
157,2014-06-22,Belgium,Russia,1,0,FIFA World Cup,Rio de Janeiro,Brazil,True,11.0,1074.0,1039.0,-1.0,19.0,893.0,903.0,1.0,2.0,1.0,3.0,1.0,0.0,1
158,2014-06-22,South Korea,Algeria,2,4,FIFA World Cup,Porto Alegre,Brazil,True,57.0,547.0,551.0,2.0,22.0,858.0,795.0,-3.0,1.4,0.25,1.0,0.25,0.0,2
159,2014-06-22,United States,Portugal,2,2,FIFA World Cup,Manaus,Brazil,True,,,,,4.0,1189.0,1245.0,1.0,1.4,1.4,1.6,1.0,0.0,0
160,2014-06-23,Australia,Spain,0,3,FIFA World Cup,Curitiba,Brazil,True,62.0,526.0,545.0,3.0,1.0,1485.0,1460.0,0.0,1.2,0.8,0.8,1.8,0.0,2
161,2014-06-23,Brazil,Cameroon,4,1,FIFA World Cup,Brasília,Brazil,False,3.0,1242.0,1210.0,-1.0,56.0,558.0,583.0,6.0,1.4,0.4,1.6,0.0,0.0,1
162,2014-06-23,Croatia,Mexico,1,3,FIFA World Cup,Recife,Brazil,True,18.0,903.0,871.0,-2.0,20.0,882.0,877.0,1.0,1.4,0.8,1.0,1.4,0.0,2
163,2014-06-23,Netherlands,Chile,2,0,FIFA World Cup,São Paulo,Brazil,True,15.0,981.0,967.0,0.0,14.0,1026.0,1037.0,1.0,2.6,1.4,2.4,1.8,0.0,1
164,2014-06-24,Costa Rica,England,0,0,FIFA World Cup,Belo Horizonte,Brazil,True,28.0,762.0,748.0,-6.0,10.0,1090.0,1043.0,-1.0,1.4,0.8,1.2,0.8,0.0,0
165,2014-06-24,Greece,Ivory Coast,2,1,FIFA World Cup,Fortaleza,Brazil,True,12.0,1064.0,1082.0,2.0,,,,,0.4,1.4,0.8,1.4,0.0,1
166,2014-06-24,Italy,Uruguay,0,1,FIFA World Cup,Natal,Brazil,True,9.0,1104.0,1115.0,0.0,7.0,1147.0,1181.0,1.0,1.2,1.6,1.0,0.8,0.0,2
167,2014-06-24,Japan,Colombia,1,4,FIFA World Cup,Cuiabá,Brazil,True,46.0,626.0,613.0,-1.0,8.0,1137.0,1186.0,3.0,0.8,2.5,1.0,3.0,0.0,2
168,2014-06-25,Bosnia and Herzegovina,Iran,3,1,FIFA World Cup,Salvador,Brazil,True,21.0,873.0,795.0,-4.0,43.0,641.0,715.0,6.0,0.5,0.4,0.0,0.4,0.0,1
169,2014-06-25,Ecuador,France,0,0,FIFA World Cup,Rio de Janeiro,Brazil,True,26.0,791.0,794.0,-2.0,17.0,913.0,935.0,1.0,1.2,1.8,1.2,1.4,0.0,0
170,2014-06-25,Honduras,Switzerland,0,3,FIFA World Cup,Manaus,Brazil,True,33.0,731.0,759.0,3.0,6.0,1149.0,1161.0,-2.0,0.2,1.0,0.2,1.4,1.0,2
171,2014-06-25,Nigeria,Argentina,2,3,FIFA World Cup,Porto Alegre,Brazil,True,44.0,640.0,631.0,0.0,5.0,1175.0,1178.0,-2.0,0.8,1.6,1.0,2.4,0.0,2
172,2014-06-26,Algeria,Russia,1,1,FIFA World Cup,Curitiba,Brazil,True,22.0,858.0,795.0,-3.0,19.0,893.0,903.0,1.0,1.0,0.5,0.8,0.5,0.0,0
173,2014-06-26,South Korea,Belgium,0,1,FIFA World Cup,São Paulo,Brazil,True,57.0,547.0,551.0,2.0,11.0,1074.0,1039.0,-1.0,1.4,1.5,0.4,3.0,0.0,2
174,2014-06-26,Portugal,Ghana,2,1,FIFA World Cup,Brasília,Brazil,True,4.0,1189.0,1245.0,1.0,37.0,704.0,713.0,-1.0,1.8,1.2,1.0,1.0,0.0,1
175,2014-06-26,United States,Germany,0,1,FIFA World Cup,Recife,Brazil,True,,,,,2.0,1300.0,1340.0,0.0,1.6,2.6,1.6,2.0,0.0,2
176,2014-06-28,Brazil,Chile,1,1,FIFA World Cup,Belo Horizonte,Brazil,False,3.0,1242.0,1210.0,-1.0,14.0,1026.0,1037.0,1.0,2.2,1.2,2.0,1.2,3.0,0
177,2014-06-28,Colombia,Uruguay,2,0,FIFA World Cup,Rio de Janeiro,Brazil,True,8.0,1137.0,1186.0,3.0,7.0,1147.0,1181.0,1.0,3.0,1.6,3.0,1.2,0.0,1
178,2014-06-29,Costa Rica,Greece,1,1,FIFA World Cup,Recife,Brazil,True,28.0,762.0,748.0,-6.0,12.0,1064.0,1082.0,2.0,1.0,0.8,1.4,1.4,0.0,0
179,2014-06-29,Netherlands,Mexico,2,1,FIFA World Cup,Fortaleza,Brazil,True,15.0,981.0,967.0,0.0,20.0,882.0,877.0,1.0,2.6,1.0,2.4,1.4,0.0,1
180,2014-06-30,France,Nigeria,2,0,FIFA World Cup,Brasília,Brazil,True,17.0,913.0,935.0,1.0,44.0,640.0,631.0,0.0,1.8,1.2,1.4,1.0,0.0,1
181,2014-06-30,Germany,Algeria,2,1,FIFA World Cup,Porto Alegre,Brazil,True,2.0,1300.0,1340.0,0.0,22.0,858.0,795.0,-3.0,2.0,1.2,2.0,1.0,0.0,1
182,2014-07-01,Argentina,Switzerland,1,0,FIFA World Cup,São Paulo,Brazil,True,5.0,1175.0,1178.0,-2.0,6.0,1149.0,1161.0,-2.0,1.8,1.4,2.4,1.4,0.0,1
183,2014-07-01,Belgium,United States,2,1,FIFA World Cup,Salvador,Brazil,True,11.0,1074.0,1039.0,-1.0,,,,,1.3333333333333333,1.2,3.0,1.4,0.0,1
184,2014-07-04,Brazil,Colombia,2,1,FIFA World Cup,Fortaleza,Brazil,False,3.0,1242.0,1210.0,-1.0,8.0,1137.0,1186.0,3.0,1.8,2.75,1.6,3.0,0.0,1
185,2014-07-04,France,Germany,0,1,FIFA World Cup,Rio de Janeiro,Brazil,True,17.0,913.0,935.0,1.0,2.0,1300.0,1340.0,0.0,2.2,2.4,2.0,2.6,0.0,2
186,2014-07-05,Argentina,Belgium,1,0,FIFA World Cup,Brasília,Brazil,True,5.0,1175.0,1178.0,-2.0,11.0,1074.0,1039.0,-1.0,1.4,1.5,2.4,3.0,0.0,1
187,2014-07-05,Netherlands,Costa Rica,0,0,FIFA World Cup,Salvador,Brazil,True,15.0,981.0,967.0,0.0,28.0,762.0,748.0,-6.0,2.4,1.2,2.4,1.6,0.0,0
188,2014-07-08,Brazil,Germany,1,7,FIFA World Cup,Belo Horizonte,Brazil,False,3.0,1242.0,1210.0,-1.0,2.0,1300.0,1340.0,0.0,2.0,2.0,2.2,2.6,0.0,2
189,2014-07-09,Netherlands,Argentina,0,0,FIFA World Cup,São Paulo,Brazil,True,15.0,981.0,967.0,0.0,5.0,1175.0,1178.0,-2.0,2.4,1.6,2.6,3.0,1.0,0
190,2014-07-12,Brazil,Netherlands,0,3,FIFA World Cup,Brasília,Brazil,False,3.0,1242.0,1210.0,-1.0,15.0,981.0,967.0,0.0,1.6,1.4,1.6,2.2,0.0,2
191,2014-07-13,Germany,Argentina,1,0,FIFA World Cup,Rio de Janeiro,Brazil,True,2.0,1300.0,1340.0,0.0,5.0,1175.0,1178.0,-2.0,2.6,1.2,2.6,2.6,2.0,1
192,2018-06-14,Russia,Saudi Arabia,5,0,FIFA World Cup,Moscow,Russia,False,70.0,457.0,493.0,4.0,67.0,465.0,462.0,0.0,0.6666666666666666,0.6666666666666666,0.6666666666666666,0.3333333333333333,0.0,1
193,2018-06-15,Egypt,Uruguay,0,1,FIFA World Cup,Ekaterinburg,Russia,True,45.0,649.0,636.0,-1.0,14.0,1018.0,976.0,-3.0,0.0,1.2,0.0,1.2,0.0,2
194,2018-06-15,Morocco,Iran,0,1,FIFA World Cup,Saint Petersburg,Russia,True,41.0,686.0,681.0,-1.0,37.0,708.0,727.0,1.0,0.0,0.4,0.0,0.4,0.0,2
195,2018-06-15,Portugal,Spain,3,3,FIFA World Cup,Sochi,Russia,True,4.0,1274.0,1306.0,0.0,10.0,1126.0,1162.0,2.0,0.8,1.2,1.0,1.8,0.0,0
196,2018-06-16,France,Australia,2,1,FIFA World Cup,Kazan,Russia,True,7.0,1198.0,1166.0,0.0,36.0,718.0,700.0,-4.0,2.0,1.2,2.0,0.8,0.0,1
197,2018-06-16,Argentina,Iceland,1,1,FIFA World Cup,Moscow,Russia,True,5.0,1241.0,1254.0,0.0,22.0,908.0,930.0,0.0,1.0,0.0,2.0,0.0,0.0,0
198,2018-06-16,Peru,Denmark,0,1,FIFA World Cup,Saransk,Russia,True,11.0,1125.0,1106.0,0.0,12.0,1051.0,1054.0,0.0,0.0,1.0,0.0,1.0,0.0,2
199,2018-06-16,Croatia,Nigeria,2,0,FIFA World Cup,Kaliningrad,Russia,True,20.0,945.0,975.0,2.0,48.0,618.0,635.0,1.0,1.6,1.0,1.0,1.0,0.0,1
200,2018-06-17,Costa Rica,Serbia,0,1,FIFA World Cup,Samara,Russia,True,23.0,884.0,858.0,-2.0,34.0,751.0,732.0,-1.0,1.0,0.8,1.8,0.6,0.0,2
201,2018-06-17,Germany,Mexico,0,1,FIFA World Cup,Moscow,Russia,True,1.0,1558.0,1544.0,0.0,15.0,989.0,1008.0,0.0,2.4,1.2,3.0,1.4,0.0,2
202,2018-06-17,Brazil,Switzerland,1,1,FIFA World Cup,Rostov-on-Don,Russia,True,2.0,1431.0,1384.0,0.0,6.0,1199.0,1179.0,0.0,1.6,1.4,1.4,1.4,0.0,0
203,2018-06-18,Sweden,South Korea,1,0,FIFA World Cup,Nizhny Novgorod,Russia,True,24.0,880.0,889.0,1.0,57.0,544.0,520.0,-4.0,0.75,1.2,1.25,0.4,0.0,1
204,2018-06-18,Belgium,Panama,3,0,FIFA World Cup,Sochi,Russia,True,3.0,1298.0,1346.0,0.0,55.0,571.0,574.0,0.0,1.2,0.0,2.4,0.0,0.0,1
205,2018-06-18,Tunisia,England,1,2,FIFA World Cup,Volgograd,Russia,True,21.0,910.0,1012.0,7.0,12.0,1051.0,1040.0,-1.0,1.0,0.8,0.3333333333333333,0.8,0.0,2
206,2018-06-19,Colombia,Japan,1,2,FIFA World Cup,Saransk,Russia,True,16.0,986.0,989.0,0.0,61.0,521.0,528.0,1.0,2.4,1.0,2.4,1.0,3.0,2
207,2018-06-19,Poland,Senegal,1,2,FIFA World Cup,Moscow,Russia,True,8.0,1183.0,1128.0,-2.0,27.0,838.0,825.0,-1.0,0.6666666666666666,0.0,1.0,0.0,0.0,2
208,2018-06-19,Russia,Egypt,3,1,FIFA World Cup,Saint Petersburg,Russia,False,70.0,457.0,493.0,4.0,45.0,649.0,636.0,-1.0,1.75,0.0,1.25,0.0,0.0,1
209,2018-06-20,Portugal,Morocco,1,0,FIFA World Cup,Moscow,Russia,True,4.0,1274.0,1306.0,0.0,41.0,686.0,681.0,-1.0,1.4,0.0,1.0,0.0,0.0,1
210,2018-06-20,Uruguay,Saudi Arabia,1,0,FIFA World Cup,Rostov-on-Don,Russia,True,14.0,1018.0,976.0,-3.0,67.0,465.0,462.0,0.0,1.0,0.5,1.8,0.25,0.0,1
211,2018-06-20,Iran,Spain,0,1,FIFA World Cup,Kazan,Russia,True,37.0,708.0,727.0,1.0,10.0,1126.0,1162.0,2.0,0.6,1.6,1.0,1.4,0.0,2
212,2018-06-21,Denmark,Australia,1,1,FIFA World Cup,Samara,Russia,True,12.0,1051.0,1054.0,0.0,36.0,718.0,700.0,-4.0,1.0,1.2,1.5,0.6,0.0,0
213,2018-06-21,France,Peru,1,0,FIFA World Cup,Ekaterinburg,Russia,True,7.0,1198.0,1166.0,0.0,11.0,1125.0,1106.0,0.0,1.8,0.0,2.0,0.0,0.0,1
214,2018-06-21,Argentina,Croatia,0,3,FIFA World Cup,Nizhny Novgorod,Russia,True,5.0,1241.0,1254.0,0.0,20.0,945.0,975.0,2.0,0.6,2.0,1.6,1.4,0.0,2
215,2018-06-22,Brazil,Costa Rica,2,0,FIFA World Cup,Saint Petersburg,Russia,True,2.0,1431.0,1384.0,0.0,23.0,884.0,858.0,-2.0,1.0,0.4,1.0,1.2,0.0,1
216,2018-06-22,Nigeria,Iceland,2,0,FIFA World Cup,Volgograd,Russia,True,48.0,618.0,635.0,1.0,22.0,908.0,930.0,0.0,0.6,1.0,0.8,1.0,0.0,1
217,2018-06-22,Serbia,Switzerland,1,2,FIFA World Cup,Kaliningrad,Russia,True,34.0,751.0,732.0,-1.0,6.0,1199.0,1179.0,0.0,1.0,1.6,1.2,1.4,0.0,2
218,2018-06-23,Belgium,Tunisia,5,2,FIFA World Cup,Moscow,Russia,True,3.0,1298.0,1346.0,0.0,21.0,910.0,1012.0,7.0,1.4,1.0,2.4,0.25,0.0,1
219,2018-06-23,South Korea,Mexico,1,2,FIFA World Cup,Rostov-on-Don,Russia,True,57.0,544.0,520.0,-4.0,15.0,989.0,1008.0,0.0,0.8,1.2,0.2,2.0,0.0,2
220,2018-06-23,Germany,Sweden,2,1,FIFA World Cup,Sochi,Russia,True,1.0,1558.0,1544.0,0.0,24.0,880.0,889.0,1.0,2.2,0.8,2.4,1.6,3.0,1
221,2018-06-24,England,Panama,6,1,FIFA World Cup,Nizhny Novgorod,Russia,True,12.0,1051.0,1040.0,-1.0,55.0,571.0,574.0,0.0,1.0,0.0,0.8,0.0,0.0,1
222,2018-06-24,Japan,Senegal,2,2,FIFA World Cup,Ekaterinburg,Russia,True,61.0,521.0,528.0,1.0,27.0,838.0,825.0,-1.0,0.8,2.0,1.0,3.0,0.0,0
223,2018-06-24,Poland,Colombia,0,3,FIFA World Cup,Kazan,Russia,True,8.0,1183.0,1128.0,-2.0,16.0,986.0,989.0,0.0,0.75,2.0,0.75,1.8,0.0,2
224,2018-06-25,Russia,Uruguay,0,3,FIFA World Cup,Samara,Russia,False,70.0,457.0,493.0,4.0,14.0,1018.0,976.0,-3.0,2.0,1.0,1.6,2.4,0.0,2
225,2018-06-25,Saudi Arabia,Egypt,2,1,FIFA World Cup,Volgograd,Russia,True,67.0,465.0,462.0,0.0,45.0,649.0,636.0,-1.0,0.4,0.5,0.2,0.0,0.0,1
226,2018-06-25,Spain,Morocco,2,2,FIFA World Cup,Kaliningrad,Russia,True,10.0,1126.0,1162.0,2.0,41.0,686.0,681.0,-1.0,1.6,0.0,1.4,0.0,0.0,0
227,2018-06-25,Iran,Portugal,1,1,FIFA World Cup,Saransk,Russia,True,37.0,708.0,727.0,1.0,4.0,1274.0,1306.0,0.0,0.4,1.6,0.8,1.6,0.0,0
228,2018-06-26,Australia,Peru,0,2,FIFA World Cup,Sochi,Russia,True,36.0,718.0,700.0,-4.0,11.0,1125.0,1106.0,0.0,1.0,0.0,0.2,0.0,0.0,2
229,2018-06-26,Denmark,France,0,0,FIFA World Cup,Moscow,Russia,True,12.0,1051.0,1054.0,0.0,7.0,1198.0,1166.0,0.0,1.0,1.0,1.4,2.0,0.0,0
230,2018-06-26,Nigeria,Argentina,1,2,FIFA World Cup,Saint Petersburg,Russia,True,48.0,618.0,635.0,1.0,5.0,1241.0,1254.0,0.0,1.0,0.4,1.2,1.0,0.0,2
231,2018-06-26,Iceland,Croatia,1,2,FIFA World Cup,Rostov-on-Don,Russia,True,22.0,908.0,930.0,0.0,20.0,945.0,975.0,2.0,0.5,2.2,0.5,1.8,0.0,2
232,2018-06-27,South Korea,Germany,2,0,FIFA World Cup,Kazan,Russia,True,57.0,544.0,520.0,-4.0,1.0,1558.0,1544.0,0.0,0.8,2.2,0.2,2.4,0.0,1
233,2018-06-27,Mexico,Sweden,0,3,FIFA World Cup,Ekaterinburg,Russia,True,15.0,989.0,1008.0,0.0,24.0,880.0,889.0,1.0,1.4,1.0,2.0,1.4,0.0,2
234,2018-06-27,Serbia,Brazil,0,2,FIFA World Cup,Moscow,Russia,True,34.0,751.0,732.0,-1.0,2.0,1431.0,1384.0,0.0,0.8,1.2,1.2,1.4,0.0,2
235,2018-06-27,Switzerland,Costa Rica,2,2,FIFA World Cup,Nizhny Novgorod,Russia,True,6.0,1199.0,1179.0,0.0,23.0,884.0,858.0,-2.0,1.6,0.2,1.4,0.6,0.0,0
236,2018-06-28,Japan,Poland,0,1,FIFA World Cup,Volgograd,Russia,True,61.0,521.0,528.0,1.0,8.0,1183.0,1128.0,-2.0,1.2,0.6,1.0,0.6,0.0,2
237,2018-06-28,Senegal,Colombia,0,1,FIFA World Cup,Samara,Russia,True,27.0,838.0,825.0,-1.0,16.0,986.0,989.0,0.0,2.0,2.2,2.0,1.8,0.0,2
238,2018-06-28,Panama,Tunisia,1,2,FIFA World Cup,Saransk,Russia,True,55.0,571.0,574.0,0.0,21.0,910.0,1012.0,7.0,0.5,1.2,0.0,0.2,0.0,2
239,2018-06-28,England,Belgium,0,1,FIFA World Cup,Kaliningrad,Russia,True,12.0,1051.0,1040.0,-1.0,3.0,1298.0,1346.0,0.0,2.0,2.2,1.4,2.4,0.0,2
240,2018-06-30,France,Argentina,4,3,FIFA World Cup,Kazan,Russia,True,7.0,1198.0,1166.0,0.0,5.0,1241.0,1254.0,0.0,1.0,0.6,2.0,1.0,0.0,1
241,2018-06-30,Uruguay,Portugal,2,1,FIFA World Cup,Sochi,Russia,True,14.0,1018.0,976.0,-3.0,4.0,1274.0,1306.0,0.0,1.2,1.8,2.4,1.8,0.0,1
242,2018-07-01,Russia,Spain,1,1,FIFA World Cup,Moscow,Russia,False,49.0,1758.0,1707.0,-12.0,6.0,2104.0,2082.0,-2.0,1.8,1.8,1.4,1.6,0.0,0
243,2018-07-01,Croatia,Denmark,1,1,FIFA World Cup,Nizhny Novgorod,Russia,True,12.0,2036.0,1990.0,-6.0,15.0,2014.0,1992.0,-1.0,2.4,1.0,2.4,1.6,0.0,0
244,2018-07-02,Brazil,Mexico,2,0,FIFA World Cup,Samara,Russia,True,4.0,2160.0,2151.0,1.0,10.0,2041.0,1996.0,-5.0,1.2,1.4,1.4,1.8,1.0,1
245,2018-07-02,Belgium,Japan,3,2,FIFA World Cup,Rostov-on-Don,Russia,True,5.0,2124.0,2098.0,-1.0,41.0,1816.0,1773.0,-7.0,2.2,1.0,2.4,1.0,0.0,1
246,2018-07-03,Sweden,Switzerland,1,0,FIFA World Cup,Saint Petersburg,Russia,True,21.0,1955.0,1954.0,-1.0,8.0,2087.0,2065.0,-2.0,1.4,1.6,1.4,1.6,0.0,1
247,2018-07-03,Colombia,England,1,1,FIFA World Cup,Moscow,Russia,True,17.0,1998.0,2005.0,3.0,7.0,2099.0,2074.0,-2.0,1.6,1.8,1.8,1.4,0.0,0
248,2018-07-06,Uruguay,France,0,2,FIFA World Cup,Nizhny Novgorod,Russia,True,14.0,2017.0,1991.0,-3.0,2.0,2164.0,2134.0,-2.0,1.4,1.4,2.4,2.0,1.0,2
249,2018-07-06,Brazil,Belgium,1,2,FIFA World Cup,Kazan,Russia,True,4.0,2160.0,2151.0,1.0,5.0,2124.0,2098.0,-1.0,1.4,2.4,2.0,2.4,0.0,2
250,2018-07-07,Sweden,England,0,2,FIFA World Cup,Samara,Russia,True,21.0,1955.0,1954.0,-1.0,7.0,2099.0,2074.0,-2.0,1.2,1.8,1.8,1.6,1.0,2
251,2018-07-07,Russia,Croatia,2,2,FIFA World Cup,Sochi,Russia,False,49.0,1758.0,1707.0,-12.0,12.0,2036.0,1990.0,-6.0,2.0,1.8,1.6,2.0,0.0,0
252,2018-07-10,France,Belgium,1,0,FIFA World Cup,Saint Petersburg,Russia,True,2.0,2164.0,2134.0,-2.0,5.0,2124.0,2098.0,-1.0,1.8,2.8,2.6,3.0,0.0,1
253,2018-07-11,Croatia,England,2,1,FIFA World Cup,Moscow,Russia,True,12.0,2036.0,1990.0,-6.0,7.0,2099.0,2074.0,-2.0,2.0,2.2,2.2,2.0,0.0,1
254,2018-07-14,Belgium,England,2,0,FIFA World Cup,Saint Petersburg,Russia,True,5.0,2124.0,2098.0,-1.0,7.0,2099.0,2074.0,-2.0,2.2,2.0,2.4,1.4,3.0,1
255,2018-07-15,France,Croatia,4,2,FIFA World Cup,Moscow,Russia,True,2.0,2164.0,2134.0,-2.0,12.0,2036.0,1990.0,-6.0,1.6,2.0,2.6,2.2,0.0,1
256,2022-11-20,Qatar,Ecuador,0,2,FIFA World Cup,Al Khor,Qatar,False,50.0,1439.89,1441.97,2.0,44.0,1464.39,1463.74,0.0,0.0,0.6,0.0,0.8,0.0,2
257,2022-11-21,Senegal,Netherlands,0,2,FIFA World Cup,Doha,Qatar,True,18.0,1584.38,1584.59,0.0,8.0,1694.51,1679.41,0.0,1.3333333333333333,1.4,1.3333333333333333,2.2,0.0,2
258,2022-11-21,England,Iran,6,2,FIFA World Cup,Al Rayyan,Qatar,True,5.0,1728.47,1737.46,0.0,20.0,1564.61,1558.64,-2.0,0.8,0.6,0.8,0.8,0.0,1
259,2022-11-21,United States,Wales,1,1,FIFA World Cup,Al Rayyan,Qatar,True,,,,,19.0,1569.82,1582.13,0.0,1.2,0.0,0.8,0.0,0.0,0
260,2022-11-22,Argentina,Saudi Arabia,1,2,FIFA World Cup,Lusail,Qatar,True,3.0,1773.88,1770.65,0.0,51.0,1437.78,1435.74,-2.0,1.2,0.4,0.8,0.6,0.0,2
261,2022-11-22,Mexico,Poland,0,0,FIFA World Cup,Doha,Qatar,True,13.0,1644.89,1649.57,1.0,26.0,1548.59,1546.18,0.0,0.8,0.8,1.2,1.2,0.0,0
262,2022-11-22,Denmark,Tunisia,0,0,FIFA World Cup,Al Rayyan,Qatar,True,10.0,1666.57,1665.47,0.0,30.0,1507.54,1507.86,0.0,0.8,1.2,1.2,0.6,0.0,0
263,2022-11-22,France,Australia,4,1,FIFA World Cup,Al Wakrah,Qatar,True,4.0,1759.78,1764.85,0.0,38.0,1488.72,1483.73,-1.0,2.2,0.8,2.6,0.2,3.0,1
264,2022-11-23,Germany,Japan,1,2,FIFA World Cup,Al Rayyan,Qatar,True,11.0,1650.21,1658.96,0.0,24.0,1559.54,1554.69,0.0,2.0,1.4,1.8,0.8,0.0,2
265,2022-11-23,Spain,Costa Rica,7,0,FIFA World Cup,Doha,Qatar,True,7.0,1715.22,1716.93,1.0,31.0,1503.59,1500.06,-3.0,2.0,0.6,1.8,0.6,0.0,1
266,2022-11-23,Morocco,Croatia,0,0,FIFA World Cup,Al Khor,Qatar,True,22.0,1563.5,1558.35,-1.0,12.0,1645.64,1632.15,-3.0,0.6666666666666666,1.8,0.3333333333333333,1.6,0.0,0
267,2022-11-23,Belgium,Canada,1,0,FIFA World Cup,Al Rayyan,Qatar,True,2.0,1816.71,1821.92,0.0,41.0,1475.0,1473.82,-2.0,1.6,0.0,2.4,0.0,0.0,1
268,2022-11-24,Switzerland,Cameroon,1,0,FIFA World Cup,Al Wakrah,Qatar,True,15.0,1635.92,1621.43,-1.0,43.0,1471.44,1484.95,5.0,1.0,0.6,1.0,0.0,0.0,1
269,2022-11-24,Brazil,Serbia,2,0,FIFA World Cup,Lusail,Qatar,True,1.0,1841.3,1837.56,0.0,21.0,1563.62,1549.53,-4.0,1.6,0.8,2.0,1.2,3.0,1
270,2022-11-24,Uruguay,South Korea,0,0,FIFA World Cup,Al Rayyan,Qatar,True,14.0,1638.71,1640.95,1.0,28.0,1530.3,1526.02,0.0,1.4,1.0,2.4,0.6,3.0,0
271,2022-11-24,Portugal,Ghana,3,2,FIFA World Cup,Doha,Qatar,True,9.0,1676.56,1678.65,0.0,61.0,1393.0,1393.47,1.0,1.6,1.4,1.6,1.0,3.0,1
272,2022-11-25,Qatar,Senegal,1,3,FIFA World Cup,Doha,Qatar,False,50.0,1439.89,1441.97,2.0,18.0,1584.38,1584.59,0.0,0.0,1.0,0.0,1.0,0.0,2
273,2022-11-25,Netherlands,Ecuador,1,1,FIFA World Cup,Al Rayyan,Qatar,True,8.0,1694.51,1679.41,0.0,44.0,1464.39,1463.74,0.0,1.4,1.0,2.2,1.4,0.0,0
274,2022-11-25,Wales,Iran,0,2,FIFA World Cup,Al Rayyan,Qatar,True,19.0,1569.82,1582.13,0.0,20.0,1564.61,1558.64,-2.0,1.0,1.0,1.0,0.8,0.0,2
275,2022-11-25,England,United States,0,0,FIFA World Cup,Al Khor,Qatar,True,5.0,1728.47,1737.46,0.0,,,,,2.0,1.2,1.4,1.0,1.0,0
276,2022-11-26,Poland,Saudi Arabia,2,0,FIFA World Cup,Al Rayyan,Qatar,True,26.0,1548.59,1546.18,0.0,51.0,1437.78,1435.74,-2.0,0.8,0.8,1.4,1.2,0.0,1
277,2022-11-26,Argentina,Mexico,2,0,FIFA World Cup,Lusail,Qatar,True,3.0,1773.88,1770.65,0.0,13.0,1644.89,1649.57,1.0,1.4,0.6,0.8,1.4,3.0,1
278,2022-11-26,Tunisia,Australia,0,1,FIFA World Cup,Al Wakrah,Qatar,True,30.0,1507.54,1507.86,0.0,38.0,1488.72,1483.73,-1.0,1.0,0.6,0.8,0.2,0.0,2
279,2022-11-26,France,Denmark,2,1,FIFA World Cup,Doha,Qatar,True,4.0,1759.78,1764.85,0.0,10.0,1666.57,1665.47,0.0,3.0,0.6,3.0,1.4,1.0,1
280,2022-11-27,Japan,Costa Rica,0,1,FIFA World Cup,Al Rayyan,Qatar,True,24.0,1559.54,1554.69,0.0,31.0,1503.59,1500.06,-3.0,1.6,0.4,1.4,0.4,0.0,2
281,2022-11-27,Spain,Germany,1,1,FIFA World Cup,Al Khor,Qatar,True,7.0,1715.22,1716.93,1.0,11.0,1650.21,1658.96,0.0,2.8,0.8,1.8,1.2,3.0,0
282,2022-11-27,Belgium,Morocco,0,2,FIFA World Cup,Doha,Qatar,True,2.0,1816.71,1821.92,0.0,22.0,1563.5,1558.35,-1.0,1.6,0.5,2.4,0.5,0.0,2
283,2022-11-27,Croatia,Canada,4,1,FIFA World Cup,Al Rayyan,Qatar,True,12.0,1645.64,1632.15,-3.0,41.0,1475.0,1473.82,-2.0,1.4,0.0,1.2,0.0,0.0,1
284,2022-11-28,Cameroon,Serbia,3,3,FIFA World Cup,Al Wakrah,Qatar,True,43.0,1471.44,1484.95,5.0,21.0,1563.62,1549.53,-4.0,0.4,0.6,0.0,0.6,0.0,0
285,2022-11-28,Brazil,Switzerland,1,0,FIFA World Cup,Doha,Qatar,True,1.0,1841.3,1837.56,0.0,15.0,1635.92,1621.43,-1.0,1.8,1.2,2.4,1.6,1.0,1
286,2022-11-28,South Korea,Ghana,2,3,FIFA World Cup,Al Rayyan,Qatar,True,28.0,1530.3,1526.02,0.0,61.0,1393.0,1393.47,1.0,0.6,1.4,0.8,0.4,0.0,2
287,2022-11-28,Portugal,Uruguay,2,0,FIFA World Cup,Lusail,Qatar,True,9.0,1676.56,1678.65,0.0,14.0,1638.71,1640.95,1.0,1.8,1.2,1.6,2.0,0.0,1
288,2022-11-29,Ecuador,Senegal,1,2,FIFA World Cup,Al Rayyan,Qatar,True,44.0,1464.39,1463.74,0.0,18.0,1584.38,1584.59,0.0,1.2,1.4,1.6,1.4,0.0,2
289,2022-11-29,Qatar,Netherlands,0,2,FIFA World Cup,Al Khor,Qatar,False,50.0,1439.89,1441.97,2.0,8.0,1694.51,1679.41,0.0,0.5,1.2,0.0,1.8,0.0,2
290,2022-11-29,Wales,England,0,3,FIFA World Cup,Al Rayyan,Qatar,True,19.0,1569.82,1582.13,0.0,5.0,1728.47,1737.46,0.0,0.5,1.8,0.5,1.4,0.0,2
291,2022-11-29,Iran,United States,0,1,FIFA World Cup,Doha,Qatar,True,20.0,1564.61,1558.64,-2.0,,,,,1.2,0.8,1.4,0.6,0.0,2
292,2022-11-30,Poland,Argentina,0,2,FIFA World Cup,Doha,Qatar,True,26.0,1548.59,1546.18,0.0,3.0,1773.88,1770.65,0.0,0.8,1.6,1.4,1.2,0.0,2
293,2022-11-30,Saudi Arabia,Mexico,1,2,FIFA World Cup,Lusail,Qatar,True,51.0,1437.78,1435.74,-2.0,13.0,1644.89,1649.57,1.0,0.8,0.4,1.2,0.8,0.0,2
294,2022-11-30,Australia,Denmark,1,0,FIFA World Cup,Al Wakrah,Qatar,True,38.0,1488.72,1483.73,-1.0,10.0,1666.57,1665.47,0.0,0.8,0.6,0.8,0.8,1.0,1
295,2022-11-30,Tunisia,France,1,0,FIFA World Cup,Al Rayyan,Qatar,True,30.0,1507.54,1507.86,0.0,4.0,1759.78,1764.85,0.0,1.0,2.6,0.8,3.0,0.0,1
296,2022-12-01,Japan,Spain,2,1,FIFA World Cup,Al Rayyan,Qatar,True,24.0,1559.54,1554.69,0.0,7.0,1715.22,1716.93,1.0,1.2,2.4,0.8,1.8,0.0,1
297,2022-12-01,Costa Rica,Germany,2,4,FIFA World Cup,Al Khor,Qatar,True,31.0,1503.59,1500.06,-3.0,11.0,1650.21,1658.96,0.0,0.6,0.8,0.8,0.8,0.0,2
298,2022-12-01,Croatia,Belgium,0,0,FIFA World Cup,Al Rayyan,Qatar,True,12.0,1645.64,1632.15,-3.0,2.0,1816.71,1821.92,0.0,2.0,1.0,1.6,1.8,0.0,0
299,2022-12-01,Canada,Morocco,1,2,FIFA World Cup,Doha,Qatar,True,41.0,1475.0,1473.82,-2.0,22.0,1563.5,1558.35,-1.0,0.5,0.8,0.0,1.0,0.0,2
300,2022-12-02,Serbia,Switzerland,2,3,FIFA World Cup,Doha,Qatar,True,21.0,1563.62,1549.53,-4.0,15.0,1635.92,1621.43,-1.0,1.0,1.0,0.8,1.4,0.0,2
301,2022-12-02,Cameroon,Brazil,1,0,FIFA World Cup,Lusail,Qatar,True,43.0,1471.44,1484.95,5.0,1.0,1841.3,1837.56,0.0,0.8,1.6,0.2,2.4,0.0,1
302,2022-12-02,Ghana,Uruguay,0,2,FIFA World Cup,Al Wakrah,Qatar,True,61.0,1393.0,1393.47,1.0,14.0,1638.71,1640.95,1.0,1.8,1.0,0.8,1.4,1.0,2
303,2022-12-02,South Korea,Portugal,2,1,FIFA World Cup,Al Rayyan,Qatar,True,28.0,1530.3,1526.02,0.0,9.0,1676.56,1678.65,0.0,1.0,1.6,0.8,2.0,0.0,1
304,2022-12-03,Netherlands,United States,3,1,FIFA World Cup,Al Rayyan,Qatar,True,8.0,1694.51,1679.41,0.0,,,,,1.6,0.6,2.2,1.0,0.0,1
305,2022-12-03,Argentina,Australia,2,1,FIFA World Cup,Al Rayyan,Qatar,True,3.0,1773.88,1770.65,0.0,38.0,1488.72,1483.73,-1.0,2.0,0.8,1.8,1.4,0.0,1
306,2022-12-04,France,Poland,3,1,FIFA World Cup,Doha,Qatar,True,4.0,1759.78,1764.85,0.0,26.0,1548.59,1546.18,0.0,2.2,0.6,2.4,1.4,0.0,1
307,2022-12-04,England,Senegal,3,0,FIFA World Cup,Al Khor,Qatar,True,5.0,1728.47,1737.46,0.0,18.0,1584.38,1584.59,0.0,2.0,1.4,1.4,1.4,0.0,1
308,2022-12-05,Japan,Croatia,1,1,FIFA World Cup,Al Wakrah,Qatar,True,24.0,1559.54,1554.69,0.0,12.0,1645.64,1632.15,-3.0,1.2,1.6,1.2,1.6,1.0,0
309,2022-12-05,Brazil,South Korea,4,1,FIFA World Cup,Doha,Qatar,True,1.0,1841.3,1837.56,0.0,28.0,1530.3,1526.02,0.0,1.2,1.4,1.8,1.4,0.0,1
310,2022-12-06,Morocco,Spain,0,0,FIFA World Cup,Al Rayyan,Qatar,True,22.0,1563.5,1558.35,-1.0,7.0,1715.22,1716.93,1.0,1.2,2.4,1.6,1.2,1.0,0
311,2022-12-06,Portugal,Switzerland,6,1,FIFA World Cup,Lusail,Qatar,True,9.0,1676.56,1678.65,0.0,15.0,1635.92,1621.43,-1.0,1.6,1.2,1.4,1.4,0.0,1
312,2022-12-09,Croatia,Brazil,1,1,FIFA World Cup,Al Rayyan,Qatar,True,12.0,1645.64,1632.15,-3.0,1.0,1841.3,1837.56,0.0,1.4,1.6,1.2,1.8,0.0,0
313,2022-12-09,Netherlands,Argentina,2,2,FIFA World Cup,Lusail,Qatar,True,8.0,1694.51,1679.41,0.0,3.0,1773.88,1770.65,0.0,2.2,2.0,2.6,1.8,1.0,0
314,2022-12-10,Morocco,Portugal,1,0,FIFA World Cup,Doha,Qatar,True,22.0,1563.5,1558.35,-1.0,9.0,1676.56,1678.65,0.0,1.2,2.6,1.8,1.8,0.0,1
315,2022-12-10,England,France,1,2,FIFA World Cup,Al Khor,Qatar,True,5.0,1728.47,1737.46,0.0,4.0,1759.78,1764.85,0.0,2.4,2.6,2.0,2.4,0.0,2
316,2022-12-13,Argentina,Croatia,3,0,FIFA World Cup,Lusail,Qatar,True,3.0,1773.88,1770.65,0.0,12.0,1645.64,1632.15,-3.0,1.8,1.2,2.0,1.4,0.0,1
317,2022-12-14,France,Morocco,2,0,FIFA World Cup,Al Khor,Qatar,True,4.0,1759.78,1764.85,0.0,22.0,1563.5,1558.35,-1.0,2.2,1.0,2.4,2.2,0.0,1
318,2022-12-17,Croatia,Morocco,2,1,FIFA World Cup,Al Rayyan,Qatar,True,12.0,1645.64,1632.15,-3.0,22.0,1563.5,1558.35,-1.0,1.2,1.0,1.2,2.0,1.0,1
319,2022-12-18,Argentina,France,3,3,FIFA World Cup,Lusail,Qatar,True,3.0,1773.88,1770.65,0.0,4.0,1759.78,1764.85,0.0,2.2,1.8,2.6,2.4,0.0,0
